param,value
step_size,0.001
TEC_price,0.7098210095763171
target,0.8
nb_agency,1
nb_zones,1
total_pop,1000.0
mean_vot,9.999999990000003
nb_od_groups,3
total_trips,1200.0
mean_accessibility,0.723333332807619
agency_1_mean_accessibility,0.723333332807619
equity_index,0.0035917226664513094
agency_1_equity_index,0.0035917226664513094
agency_1_base_transit_revenue,963.813251840369
base_transit_revenue,963.813251840369
adjusted_mean_accessibility,"tf.Tensor(0.7314426, shape=(), dtype=float32)"
agency_1_adjusted_mean_accessibility,"tf.Tensor(0.7314426, shape=(), dtype=float32)"
0_agency1_adjusted_equity_index,"tf.Tensor(0.0044428036, shape=(), dtype=float32)"
0_agency1_internal_adjusted_equity_index,"tf.Tensor(0.0044428036, shape=(), dtype=float32)"
0_agency1_equity_improvement,"tf.Tensor(-0.000851081, shape=(), dtype=float32)"
0_agency1_equity_gap,"tf.Tensor(-0.0015694255, shape=(), dtype=float32)"
0_agency1_TEC_demand,"tf.Tensor(-156.94255, shape=(), dtype=float32)"
0_agency1_total_subsidy,"tf.Tensor(107.05191, shape=(), dtype=float32)"
0_agency1_adjusted_transit_income,"tf.Tensor(1091.762, shape=(), dtype=float32)"
0_agency1_equity_change_income,"tf.Tensor(-0.0, shape=(), dtype=float32)"
0_agency1_adjusted_transit_revenue,"tf.Tensor(984.7101, shape=(), dtype=float32)"
1_agency1_adjusted_equity_index,"tf.Tensor(0.004133843, shape=(), dtype=float32)"
1_agency1_internal_adjusted_equity_index,"tf.Tensor(0.004133843, shape=(), dtype=float32)"
1_agency1_equity_improvement,"tf.Tensor(-0.0005421203, shape=(), dtype=float32)"
1_agency1_equity_gap,"tf.Tensor(-0.0012604648, shape=(), dtype=float32)"
1_agency1_TEC_demand,"tf.Tensor(-126.04648, shape=(), dtype=float32)"
1_agency1_total_subsidy,"tf.Tensor(78.789536, shape=(), dtype=float32)"
1_agency1_adjusted_transit_income,"tf.Tensor(1061.0548, shape=(), dtype=float32)"
1_agency1_equity_change_income,"tf.Tensor(-19.782055, shape=(), dtype=float32)"
1_agency1_adjusted_transit_revenue,"tf.Tensor(962.4832, shape=(), dtype=float32)"
2_agency1_adjusted_equity_index,"tf.Tensor(0.0038265772, shape=(), dtype=float32)"
2_agency1_internal_adjusted_equity_index,"tf.Tensor(0.0038265772, shape=(), dtype=float32)"
2_agency1_equity_improvement,"tf.Tensor(-0.00023485464, shape=(), dtype=float32)"
2_agency1_equity_gap,"tf.Tensor(-0.0009531991, shape=(), dtype=float32)"
2_agency1_TEC_demand,"tf.Tensor(-95.31991, shape=(), dtype=float32)"
2_agency1_total_subsidy,"tf.Tensor(55.021378, shape=(), dtype=float32)"
2_agency1_adjusted_transit_income,"tf.Tensor(1030.649, shape=(), dtype=float32)"
2_agency1_equity_change_income,"tf.Tensor(-26.97449, shape=(), dtype=float32)"
2_agency1_adjusted_transit_revenue,"tf.Tensor(948.6532, shape=(), dtype=float32)"
3_agency1_adjusted_equity_index,"tf.Tensor(0.0035354793, shape=(), dtype=float32)"
3_agency1_internal_adjusted_equity_index,"tf.Tensor(0.0035354793, shape=(), dtype=float32)"
3_agency1_equity_improvement,"tf.Tensor(5.624327e-05, shape=(), dtype=float32)"
3_agency1_equity_gap,"tf.Tensor(-0.0006621012, shape=(), dtype=float32)"
3_agency1_TEC_demand,"tf.Tensor(-66.21012, shape=(), dtype=float32)"
3_agency1_total_subsidy,"tf.Tensor(45.2991, shape=(), dtype=float32)"
3_agency1_adjusted_transit_income,"tf.Tensor(1011.5475, shape=(), dtype=float32)"
3_agency1_equity_change_income,"tf.Tensor(-25.04788, shape=(), dtype=float32)"
3_agency1_adjusted_transit_revenue,"tf.Tensor(941.20056, shape=(), dtype=float32)"
4_agency1_adjusted_equity_index,"tf.Tensor(0.0033780783, shape=(), dtype=float32)"
4_agency1_internal_adjusted_equity_index,"tf.Tensor(0.0033780783, shape=(), dtype=float32)"
4_agency1_equity_improvement,"tf.Tensor(0.00021364423, shape=(), dtype=float32)"
4_agency1_equity_gap,"tf.Tensor(-0.00050470023, shape=(), dtype=float32)"
4_agency1_TEC_demand,"tf.Tensor(-50.470024, shape=(), dtype=float32)"
4_agency1_total_subsidy,"tf.Tensor(62.102295, shape=(), dtype=float32)"
4_agency1_adjusted_transit_income,"tf.Tensor(1021.8002, shape=(), dtype=float32)"
4_agency1_equity_change_income,"tf.Tensor(-22.434889, shape=(), dtype=float32)"
4_agency1_adjusted_transit_revenue,"tf.Tensor(937.263, shape=(), dtype=float32)"
5_agency1_adjusted_equity_index,"tf.Tensor(0.0032998957, shape=(), dtype=float32)"
5_agency1_internal_adjusted_equity_index,"tf.Tensor(0.0032998957, shape=(), dtype=float32)"
5_agency1_equity_improvement,"tf.Tensor(0.0002918269, shape=(), dtype=float32)"
5_agency1_equity_gap,"tf.Tensor(-0.00042651757, shape=(), dtype=float32)"
5_agency1_TEC_demand,"tf.Tensor(-42.651756, shape=(), dtype=float32)"
5_agency1_total_subsidy,"tf.Tensor(69.11824, shape=(), dtype=float32)"
5_agency1_adjusted_transit_income,"tf.Tensor(1025.152, shape=(), dtype=float32)"
5_agency1_equity_change_income,"tf.Tensor(-21.112154, shape=(), dtype=float32)"
5_agency1_adjusted_transit_revenue,"tf.Tensor(934.9216, shape=(), dtype=float32)"
6_agency1_adjusted_equity_index,"tf.Tensor(0.0031751413, shape=(), dtype=float32)"
6_agency1_internal_adjusted_equity_index,"tf.Tensor(0.0031751413, shape=(), dtype=float32)"
6_agency1_equity_improvement,"tf.Tensor(0.0004165813, shape=(), dtype=float32)"
6_agency1_equity_gap,"tf.Tensor(-0.00030176318, shape=(), dtype=float32)"
6_agency1_TEC_demand,"tf.Tensor(-30.17632, shape=(), dtype=float32)"
6_agency1_total_subsidy,"tf.Tensor(85.86647, shape=(), dtype=float32)"
6_agency1_adjusted_transit_income,"tf.Tensor(1035.472, shape=(), dtype=float32)"
6_agency1_equity_change_income,"tf.Tensor(-16.22402, shape=(), dtype=float32)"
6_agency1_adjusted_transit_revenue,"tf.Tensor(933.3816, shape=(), dtype=float32)"
7_agency1_adjusted_equity_index,"tf.Tensor(0.003125405, shape=(), dtype=float32)"
7_agency1_internal_adjusted_equity_index,"tf.Tensor(0.003125405, shape=(), dtype=float32)"
7_agency1_equity_improvement,"tf.Tensor(0.00046631764, shape=(), dtype=float32)"
7_agency1_equity_gap,"tf.Tensor(-0.00025202683, shape=(), dtype=float32)"
7_agency1_TEC_demand,"tf.Tensor(-25.202682, shape=(), dtype=float32)"
7_agency1_total_subsidy,"tf.Tensor(91.88193, shape=(), dtype=float32)"
7_agency1_adjusted_transit_income,"tf.Tensor(1038.705, shape=(), dtype=float32)"
7_agency1_equity_change_income,"tf.Tensor(-14.310516, shape=(), dtype=float32)"
7_agency1_adjusted_transit_revenue,"tf.Tensor(932.51245, shape=(), dtype=float32)"
8_agency1_adjusted_equity_index,"tf.Tensor(0.0030767974, shape=(), dtype=float32)"
8_agency1_internal_adjusted_equity_index,"tf.Tensor(0.0030767974, shape=(), dtype=float32)"
8_agency1_equity_improvement,"tf.Tensor(0.0005149252, shape=(), dtype=float32)"
8_agency1_equity_gap,"tf.Tensor(-0.00020341924, shape=(), dtype=float32)"
8_agency1_TEC_demand,"tf.Tensor(-20.341925, shape=(), dtype=float32)"
8_agency1_total_subsidy,"tf.Tensor(97.94508, shape=(), dtype=float32)"
8_agency1_adjusted_transit_income,"tf.Tensor(1041.9333, shape=(), dtype=float32)"
8_agency1_equity_change_income,"tf.Tensor(-12.063165, shape=(), dtype=float32)"
8_agency1_adjusted_transit_revenue,"tf.Tensor(931.9251, shape=(), dtype=float32)"
9_agency1_adjusted_equity_index,"tf.Tensor(0.0030526072, shape=(), dtype=float32)"
9_agency1_internal_adjusted_equity_index,"tf.Tensor(0.0030526072, shape=(), dtype=float32)"
9_agency1_equity_improvement,"tf.Tensor(0.0005391154, shape=(), dtype=float32)"
9_agency1_equity_gap,"tf.Tensor(-0.00017922907, shape=(), dtype=float32)"
9_agency1_TEC_demand,"tf.Tensor(-17.922907, shape=(), dtype=float32)"
9_agency1_total_subsidy,"tf.Tensor(102.97821, shape=(), dtype=float32)"
9_agency1_adjusted_transit_income,"tf.Tensor(1045.5112, shape=(), dtype=float32)"
9_agency1_equity_change_income,"tf.Tensor(-10.993226, shape=(), dtype=float32)"
9_agency1_adjusted_transit_revenue,"tf.Tensor(931.5398, shape=(), dtype=float32)"
10_agency1_adjusted_equity_index,"tf.Tensor(0.003027644, shape=(), dtype=float32)"
10_agency1_internal_adjusted_equity_index,"tf.Tensor(0.003027644, shape=(), dtype=float32)"
10_agency1_equity_improvement,"tf.Tensor(0.00056407857, shape=(), dtype=float32)"
10_agency1_equity_gap,"tf.Tensor(-0.0001542659, shape=(), dtype=float32)"
10_agency1_TEC_demand,"tf.Tensor(-15.42659, shape=(), dtype=float32)"
10_agency1_total_subsidy,"tf.Tensor(107.677826, shape=(), dtype=float32)"
10_agency1_adjusted_transit_income,"tf.Tensor(1048.6716, shape=(), dtype=float32)"
10_agency1_equity_change_income,"tf.Tensor(-9.738569, shape=(), dtype=float32)"
10_agency1_adjusted_transit_revenue,"tf.Tensor(931.2552, shape=(), dtype=float32)"
11_agency1_adjusted_equity_index,"tf.Tensor(0.0029801894, shape=(), dtype=float32)"
11_agency1_internal_adjusted_equity_index,"tf.Tensor(0.0029801894, shape=(), dtype=float32)"
11_agency1_equity_improvement,"tf.Tensor(0.0006115332, shape=(), dtype=float32)"
11_agency1_equity_gap,"tf.Tensor(-0.00010681129, shape=(), dtype=float32)"
11_agency1_TEC_demand,"tf.Tensor(-10.681129, shape=(), dtype=float32)"
11_agency1_total_subsidy,"tf.Tensor(113.84886, shape=(), dtype=float32)"
11_agency1_adjusted_transit_income,"tf.Tensor(1051.8329, shape=(), dtype=float32)"
11_agency1_equity_change_income,"tf.Tensor(-6.9076066, shape=(), dtype=float32)"
11_agency1_adjusted_transit_revenue,"tf.Tensor(931.0764, shape=(), dtype=float32)"
12_agency1_adjusted_equity_index,"tf.Tensor(0.0029555615, shape=(), dtype=float32)"
12_agency1_internal_adjusted_equity_index,"tf.Tensor(0.0029555615, shape=(), dtype=float32)"
12_agency1_equity_improvement,"tf.Tensor(0.0006361611, shape=(), dtype=float32)"
12_agency1_equity_gap,"tf.Tensor(-8.21834e-05, shape=(), dtype=float32)"
12_agency1_TEC_demand,"tf.Tensor(-8.21834, shape=(), dtype=float32)"
12_agency1_total_subsidy,"tf.Tensor(115.16066, shape=(), dtype=float32)"
12_agency1_adjusted_transit_income,"tf.Tensor(1051.5311, shape=(), dtype=float32)"
12_agency1_equity_change_income,"tf.Tensor(-5.4026737, shape=(), dtype=float32)"
12_agency1_adjusted_transit_revenue,"tf.Tensor(930.96783, shape=(), dtype=float32)"
13_agency1_adjusted_equity_index,"tf.Tensor(0.0029318128, shape=(), dtype=float32)"
13_agency1_internal_adjusted_equity_index,"tf.Tensor(0.0029318128, shape=(), dtype=float32)"
13_agency1_equity_improvement,"tf.Tensor(0.0006599098, shape=(), dtype=float32)"
13_agency1_equity_gap,"tf.Tensor(-5.843467e-05, shape=(), dtype=float32)"
13_agency1_TEC_demand,"tf.Tensor(-5.843467, shape=(), dtype=float32)"
13_agency1_total_subsidy,"tf.Tensor(120.26453, shape=(), dtype=float32)"
13_agency1_adjusted_transit_income,"tf.Tensor(1055.058, shape=(), dtype=float32)"
13_agency1_equity_change_income,"tf.Tensor(-3.8894744, shape=(), dtype=float32)"
13_agency1_adjusted_transit_revenue,"tf.Tensor(930.904, shape=(), dtype=float32)"
14_agency1_adjusted_equity_index,"tf.Tensor(0.0029312707, shape=(), dtype=float32)"
14_agency1_internal_adjusted_equity_index,"tf.Tensor(0.0029312707, shape=(), dtype=float32)"
14_agency1_equity_improvement,"tf.Tensor(0.0006604518, shape=(), dtype=float32)"
14_agency1_equity_gap,"tf.Tensor(-5.789264e-05, shape=(), dtype=float32)"
14_agency1_TEC_demand,"tf.Tensor(-5.789264, shape=(), dtype=float32)"
14_agency1_total_subsidy,"tf.Tensor(120.37619, shape=(), dtype=float32)"
14_agency1_adjusted_transit_income,"tf.Tensor(1055.1293, shape=(), dtype=float32)"
14_agency1_equity_change_income,"tf.Tensor(-3.8872254, shape=(), dtype=float32)"
14_agency1_adjusted_transit_revenue,"tf.Tensor(930.86584, shape=(), dtype=float32)"
15_agency1_adjusted_equity_index,"tf.Tensor(0.002908744, shape=(), dtype=float32)"
15_agency1_internal_adjusted_equity_index,"tf.Tensor(0.002908744, shape=(), dtype=float32)"
15_agency1_equity_improvement,"tf.Tensor(0.00068297866, shape=(), dtype=float32)"
15_agency1_equity_gap,"tf.Tensor(-3.536581e-05, shape=(), dtype=float32)"
15_agency1_TEC_demand,"tf.Tensor(-3.536581, shape=(), dtype=float32)"
15_agency1_total_subsidy,"tf.Tensor(121.5123, shape=(), dtype=float32)"
15_agency1_adjusted_transit_income,"tf.Tensor(1054.7275, shape=(), dtype=float32)"
15_agency1_equity_change_income,"tf.Tensor(-2.3951266, shape=(), dtype=float32)"
15_agency1_adjusted_transit_revenue,"tf.Tensor(930.82007, shape=(), dtype=float32)"
16_agency1_adjusted_equity_index,"tf.Tensor(0.0029317513, shape=(), dtype=float32)"
16_agency1_internal_adjusted_equity_index,"tf.Tensor(0.0029317513, shape=(), dtype=float32)"
16_agency1_equity_improvement,"tf.Tensor(0.00065997127, shape=(), dtype=float32)"
16_agency1_equity_gap,"tf.Tensor(-5.8373204e-05, shape=(), dtype=float32)"
16_agency1_TEC_demand,"tf.Tensor(-5.8373203, shape=(), dtype=float32)"
16_agency1_total_subsidy,"tf.Tensor(120.357895, shape=(), dtype=float32)"
16_agency1_adjusted_transit_income,"tf.Tensor(1055.1409, shape=(), dtype=float32)"
16_agency1_equity_change_income,"tf.Tensor(-3.9739313, shape=(), dtype=float32)"
16_agency1_adjusted_transit_revenue,"tf.Tensor(930.809, shape=(), dtype=float32)"
17_agency1_adjusted_equity_index,"tf.Tensor(0.0029316023, shape=(), dtype=float32)"
17_agency1_internal_adjusted_equity_index,"tf.Tensor(0.0029316023, shape=(), dtype=float32)"
17_agency1_equity_improvement,"tf.Tensor(0.0006601203, shape=(), dtype=float32)"
17_agency1_equity_gap,"tf.Tensor(-5.8224192e-05, shape=(), dtype=float32)"
17_agency1_TEC_demand,"tf.Tensor(-5.822419, shape=(), dtype=float32)"
17_agency1_total_subsidy,"tf.Tensor(120.37474, shape=(), dtype=float32)"
17_agency1_adjusted_transit_income,"tf.Tensor(1055.1516, shape=(), dtype=float32)"
17_agency1_equity_change_income,"tf.Tensor(-3.9977741, shape=(), dtype=float32)"
17_agency1_adjusted_transit_revenue,"tf.Tensor(930.77905, shape=(), dtype=float32)"
18_agency1_adjusted_equity_index,"tf.Tensor(0.002885284, shape=(), dtype=float32)"
18_agency1_internal_adjusted_equity_index,"tf.Tensor(0.002885284, shape=(), dtype=float32)"
18_agency1_equity_improvement,"tf.Tensor(0.0007064387, shape=(), dtype=float32)"
18_agency1_equity_gap,"tf.Tensor(-1.1905795e-05, shape=(), dtype=float32)"
18_agency1_TEC_demand,"tf.Tensor(-1.1905795, shape=(), dtype=float32)"
18_agency1_total_subsidy,"tf.Tensor(126.67016, shape=(), dtype=float32)"
18_agency1_adjusted_transit_income,"tf.Tensor(1058.2622, shape=(), dtype=float32)"
18_agency1_equity_change_income,"tf.Tensor(-0.82440466, shape=(), dtype=float32)"
18_agency1_adjusted_transit_revenue,"tf.Tensor(930.76764, shape=(), dtype=float32)"
19_agency1_adjusted_equity_index,"tf.Tensor(0.0029087253, shape=(), dtype=float32)"
19_agency1_internal_adjusted_equity_index,"tf.Tensor(0.0029087253, shape=(), dtype=float32)"
19_agency1_equity_improvement,"tf.Tensor(0.0006829973, shape=(), dtype=float32)"
19_agency1_equity_gap,"tf.Tensor(-3.5347184e-05, shape=(), dtype=float32)"
19_agency1_TEC_demand,"tf.Tensor(-3.5347185, shape=(), dtype=float32)"
19_agency1_total_subsidy,"tf.Tensor(121.56849, shape=(), dtype=float32)"
19_agency1_adjusted_transit_income,"tf.Tensor(1054.7822, shape=(), dtype=float32)"
19_agency1_equity_change_income,"tf.Tensor(-2.451788, shape=(), dtype=float32)"
19_agency1_adjusted_transit_revenue,"tf.Tensor(930.76196, shape=(), dtype=float32)"
20_agency1_adjusted_equity_index,"tf.Tensor(0.0028853342, shape=(), dtype=float32)"
20_agency1_internal_adjusted_equity_index,"tf.Tensor(0.0028853342, shape=(), dtype=float32)"
20_agency1_equity_improvement,"tf.Tensor(0.0007063884, shape=(), dtype=float32)"
20_agency1_equity_gap,"tf.Tensor(-1.1956086e-05, shape=(), dtype=float32)"
20_agency1_TEC_demand,"tf.Tensor(-1.1956086, shape=(), dtype=float32)"
20_agency1_total_subsidy,"tf.Tensor(126.70115, shape=(), dtype=float32)"
20_agency1_adjusted_transit_income,"tf.Tensor(1058.2949, shape=(), dtype=float32)"
20_agency1_equity_change_income,"tf.Tensor(-0.8335366, shape=(), dtype=float32)"
20_agency1_adjusted_transit_revenue,"tf.Tensor(930.7602, shape=(), dtype=float32)"
21_agency1_adjusted_equity_index,"tf.Tensor(0.0029081702, shape=(), dtype=float32)"
21_agency1_internal_adjusted_equity_index,"tf.Tensor(0.0029081702, shape=(), dtype=float32)"
21_agency1_equity_improvement,"tf.Tensor(0.00068355235, shape=(), dtype=float32)"
21_agency1_equity_gap,"tf.Tensor(-3.4792116e-05, shape=(), dtype=float32)"
21_agency1_TEC_demand,"tf.Tensor(-3.4792116, shape=(), dtype=float32)"
21_agency1_total_subsidy,"tf.Tensor(121.80226, shape=(), dtype=float32)"
21_agency1_adjusted_transit_income,"tf.Tensor(1054.9788, shape=(), dtype=float32)"
21_agency1_equity_change_income,"tf.Tensor(-2.4297445, shape=(), dtype=float32)"
21_agency1_adjusted_transit_revenue,"tf.Tensor(930.74677, shape=(), dtype=float32)"
22_agency1_adjusted_equity_index,"tf.Tensor(0.0028847493, shape=(), dtype=float32)"
22_agency1_internal_adjusted_equity_index,"tf.Tensor(0.0028847493, shape=(), dtype=float32)"
22_agency1_equity_improvement,"tf.Tensor(0.00070697325, shape=(), dtype=float32)"
22_agency1_equity_gap,"tf.Tensor(-1.1371216e-05, shape=(), dtype=float32)"
22_agency1_TEC_demand,"tf.Tensor(-1.1371216, shape=(), dtype=float32)"
22_agency1_total_subsidy,"tf.Tensor(126.94101, shape=(), dtype=float32)"
22_agency1_adjusted_transit_income,"tf.Tensor(1058.4934, shape=(), dtype=float32)"
22_agency1_equity_change_income,"tf.Tensor(-0.79807734, shape=(), dtype=float32)"
22_agency1_adjusted_transit_revenue,"tf.Tensor(930.7543, shape=(), dtype=float32)"
23_agency1_adjusted_equity_index,"tf.Tensor(0.0028876644, shape=(), dtype=float32)"
23_agency1_internal_adjusted_equity_index,"tf.Tensor(0.0028876644, shape=(), dtype=float32)"
23_agency1_equity_improvement,"tf.Tensor(0.0007040582, shape=(), dtype=float32)"
23_agency1_equity_gap,"tf.Tensor(-1.42862555e-05, shape=(), dtype=float32)"
23_agency1_TEC_demand,"tf.Tensor(-1.4286256, shape=(), dtype=float32)"
23_agency1_total_subsidy,"tf.Tensor(126.784035, shape=(), dtype=float32)"
23_agency1_adjusted_transit_income,"tf.Tensor(1058.5356, shape=(), dtype=float32)"
23_agency1_equity_change_income,"tf.Tensor(-1.0042909, shape=(), dtype=float32)"
23_agency1_adjusted_transit_revenue,"tf.Tensor(930.7473, shape=(), dtype=float32)"
24_agency1_adjusted_equity_index,"tf.Tensor(0.0028651431, shape=(), dtype=float32)"
24_agency1_internal_adjusted_equity_index,"tf.Tensor(0.0028651431, shape=(), dtype=float32)"
24_agency1_equity_improvement,"tf.Tensor(0.00072657946, shape=(), dtype=float32)"
24_agency1_equity_gap,"tf.Tensor(8.234987e-06, shape=(), dtype=float32)"
24_agency1_TEC_demand,"tf.Tensor(0.8234987, shape=(), dtype=float32)"
24_agency1_total_subsidy,"tf.Tensor(127.96546, shape=(), dtype=float32)"
24_agency1_adjusted_transit_income,"tf.Tensor(1058.1177, shape=(), dtype=float32)"
24_agency1_equity_change_income,"tf.Tensor(0.5800771, shape=(), dtype=float32)"
24_agency1_adjusted_transit_revenue,"tf.Tensor(930.7323, shape=(), dtype=float32)"
25_agency1_adjusted_equity_index,"tf.Tensor(0.0028653797, shape=(), dtype=float32)"
25_agency1_internal_adjusted_equity_index,"tf.Tensor(0.0028653797, shape=(), dtype=float32)"
25_agency1_equity_improvement,"tf.Tensor(0.0007263429, shape=(), dtype=float32)"
25_agency1_equity_gap,"tf.Tensor(7.998431e-06, shape=(), dtype=float32)"
25_agency1_TEC_demand,"tf.Tensor(0.79984313, shape=(), dtype=float32)"
25_agency1_total_subsidy,"tf.Tensor(127.961975, shape=(), dtype=float32)"
25_agency1_adjusted_transit_income,"tf.Tensor(1058.1399, shape=(), dtype=float32)"
25_agency1_equity_change_income,"tf.Tensor(0.56275535, shape=(), dtype=float32)"
25_agency1_adjusted_transit_revenue,"tf.Tensor(930.74066, shape=(), dtype=float32)"
26_agency1_adjusted_equity_index,"tf.Tensor(0.0028880686, shape=(), dtype=float32)"
26_agency1_internal_adjusted_equity_index,"tf.Tensor(0.0028880686, shape=(), dtype=float32)"
26_agency1_equity_improvement,"tf.Tensor(0.000703654, shape=(), dtype=float32)"
26_agency1_equity_gap,"tf.Tensor(-1.46904495e-05, shape=(), dtype=float32)"
26_agency1_TEC_demand,"tf.Tensor(-1.4690449, shape=(), dtype=float32)"
26_agency1_total_subsidy,"tf.Tensor(126.77901, shape=(), dtype=float32)"
26_agency1_adjusted_transit_income,"tf.Tensor(1058.5598, shape=(), dtype=float32)"
26_agency1_equity_change_income,"tf.Tensor(-1.0324188, shape=(), dtype=float32)"
26_agency1_adjusted_transit_revenue,"tf.Tensor(930.7484, shape=(), dtype=float32)"
27_agency1_adjusted_equity_index,"tf.Tensor(0.0028654207, shape=(), dtype=float32)"
27_agency1_internal_adjusted_equity_index,"tf.Tensor(0.0028654207, shape=(), dtype=float32)"
27_agency1_equity_improvement,"tf.Tensor(0.0007263019, shape=(), dtype=float32)"
27_agency1_equity_gap,"tf.Tensor(7.957453e-06, shape=(), dtype=float32)"
27_agency1_TEC_demand,"tf.Tensor(0.7957453, shape=(), dtype=float32)"
27_agency1_total_subsidy,"tf.Tensor(127.95906, shape=(), dtype=float32)"
27_agency1_adjusted_transit_income,"tf.Tensor(1058.1411, shape=(), dtype=float32)"
27_agency1_equity_change_income,"tf.Tensor(0.5604047, shape=(), dtype=float32)"
27_agency1_adjusted_transit_revenue,"tf.Tensor(930.7425, shape=(), dtype=float32)"
28_agency1_adjusted_equity_index,"tf.Tensor(0.0028881077, shape=(), dtype=float32)"
28_agency1_internal_adjusted_equity_index,"tf.Tensor(0.0028881077, shape=(), dtype=float32)"
28_agency1_equity_improvement,"tf.Tensor(0.0007036149, shape=(), dtype=float32)"
28_agency1_equity_gap,"tf.Tensor(-1.4729565e-05, shape=(), dtype=float32)"
28_agency1_TEC_demand,"tf.Tensor(-1.4729565, shape=(), dtype=float32)"
28_agency1_total_subsidy,"tf.Tensor(126.776474, shape=(), dtype=float32)"
28_agency1_adjusted_transit_income,"tf.Tensor(1058.5612, shape=(), dtype=float32)"
28_agency1_equity_change_income,"tf.Tensor(-1.0361595, shape=(), dtype=float32)"
28_agency1_adjusted_transit_revenue,"tf.Tensor(930.74854, shape=(), dtype=float32)"
29_agency1_adjusted_equity_index,"tf.Tensor(0.002865469, shape=(), dtype=float32)"
29_agency1_internal_adjusted_equity_index,"tf.Tensor(0.002865469, shape=(), dtype=float32)"
29_agency1_equity_improvement,"tf.Tensor(0.0007262535, shape=(), dtype=float32)"
29_agency1_equity_gap,"tf.Tensor(7.909024e-06, shape=(), dtype=float32)"
29_agency1_TEC_demand,"tf.Tensor(0.79090244, shape=(), dtype=float32)"
29_agency1_total_subsidy,"tf.Tensor(127.958496, shape=(), dtype=float32)"
29_agency1_adjusted_transit_income,"tf.Tensor(1058.1436, shape=(), dtype=float32)"
29_agency1_equity_change_income,"tf.Tensor(0.5575297, shape=(), dtype=float32)"
29_agency1_adjusted_transit_revenue,"tf.Tensor(930.7426, shape=(), dtype=float32)"
30_agency1_adjusted_equity_index,"tf.Tensor(0.0028881598, shape=(), dtype=float32)"
30_agency1_internal_adjusted_equity_index,"tf.Tensor(0.0028881598, shape=(), dtype=float32)"
30_agency1_equity_improvement,"tf.Tensor(0.00070356275, shape=(), dtype=float32)"
30_agency1_equity_gap,"tf.Tensor(-1.4781719e-05, shape=(), dtype=float32)"
30_agency1_TEC_demand,"tf.Tensor(-1.478172, shape=(), dtype=float32)"
30_agency1_total_subsidy,"tf.Tensor(126.776306, shape=(), dtype=float32)"
30_agency1_adjusted_transit_income,"tf.Tensor(1058.5637, shape=(), dtype=float32)"
30_agency1_equity_change_income,"tf.Tensor(-1.0408366, shape=(), dtype=float32)"
30_agency1_adjusted_transit_revenue,"tf.Tensor(930.7466, shape=(), dtype=float32)"
31_agency1_adjusted_equity_index,"tf.Tensor(0.002865497, shape=(), dtype=float32)"
31_agency1_internal_adjusted_equity_index,"tf.Tensor(0.002865497, shape=(), dtype=float32)"
31_agency1_equity_improvement,"tf.Tensor(0.00072622555, shape=(), dtype=float32)"
31_agency1_equity_gap,"tf.Tensor(7.8810845e-06, shape=(), dtype=float32)"
31_agency1_TEC_demand,"tf.Tensor(0.78810847, shape=(), dtype=float32)"
31_agency1_total_subsidy,"tf.Tensor(127.959656, shape=(), dtype=float32)"
31_agency1_adjusted_transit_income,"tf.Tensor(1058.1467, shape=(), dtype=float32)"
31_agency1_equity_change_income,"tf.Tensor(0.5561018, shape=(), dtype=float32)"
31_agency1_adjusted_transit_revenue,"tf.Tensor(930.74316, shape=(), dtype=float32)"
32_agency1_adjusted_equity_index,"tf.Tensor(0.0028881766, shape=(), dtype=float32)"
32_agency1_internal_adjusted_equity_index,"tf.Tensor(0.0028881766, shape=(), dtype=float32)"
32_agency1_equity_improvement,"tf.Tensor(0.000703546, shape=(), dtype=float32)"
32_agency1_equity_gap,"tf.Tensor(-1.4798483e-05, shape=(), dtype=float32)"
32_agency1_TEC_demand,"tf.Tensor(-1.4798483, shape=(), dtype=float32)"
32_agency1_total_subsidy,"tf.Tensor(126.77793, shape=(), dtype=float32)"
32_agency1_adjusted_transit_income,"tf.Tensor(1058.5671, shape=(), dtype=float32)"
32_agency1_equity_change_income,"tf.Tensor(-1.0430381, shape=(), dtype=float32)"
32_agency1_adjusted_transit_revenue,"tf.Tensor(930.74615, shape=(), dtype=float32)"
33_agency1_adjusted_equity_index,"tf.Tensor(0.002865538, shape=(), dtype=float32)"
33_agency1_internal_adjusted_equity_index,"tf.Tensor(0.002865538, shape=(), dtype=float32)"
33_agency1_equity_improvement,"tf.Tensor(0.0007261846, shape=(), dtype=float32)"
33_agency1_equity_gap,"tf.Tensor(7.840106e-06, shape=(), dtype=float32)"
33_agency1_TEC_demand,"tf.Tensor(0.78401065, shape=(), dtype=float32)"
33_agency1_total_subsidy,"tf.Tensor(127.96228, shape=(), dtype=float32)"
33_agency1_adjusted_transit_income,"tf.Tensor(1058.1508, shape=(), dtype=float32)"
33_agency1_equity_change_income,"tf.Tensor(0.55375266, shape=(), dtype=float32)"
33_agency1_adjusted_transit_revenue,"tf.Tensor(930.74225, shape=(), dtype=float32)"
34_agency1_adjusted_equity_index,"tf.Tensor(0.0028882194, shape=(), dtype=float32)"
34_agency1_internal_adjusted_equity_index,"tf.Tensor(0.0028882194, shape=(), dtype=float32)"
34_agency1_equity_improvement,"tf.Tensor(0.00070350314, shape=(), dtype=float32)"
34_agency1_equity_gap,"tf.Tensor(-1.4841324e-05, shape=(), dtype=float32)"
34_agency1_TEC_demand,"tf.Tensor(-1.4841324, shape=(), dtype=float32)"
34_agency1_total_subsidy,"tf.Tensor(126.78108, shape=(), dtype=float32)"
34_agency1_adjusted_transit_income,"tf.Tensor(1058.5713, shape=(), dtype=float32)"
34_agency1_equity_change_income,"tf.Tensor(-1.0470903, shape=(), dtype=float32)"
34_agency1_adjusted_transit_revenue,"tf.Tensor(930.7431, shape=(), dtype=float32)"
35_agency1_adjusted_equity_index,"tf.Tensor(0.002865564, shape=(), dtype=float32)"
35_agency1_internal_adjusted_equity_index,"tf.Tensor(0.002865564, shape=(), dtype=float32)"
35_agency1_equity_improvement,"tf.Tensor(0.0007261585, shape=(), dtype=float32)"
35_agency1_equity_gap,"tf.Tensor(7.814029e-06, shape=(), dtype=float32)"
35_agency1_TEC_demand,"tf.Tensor(0.78140295, shape=(), dtype=float32)"
35_agency1_total_subsidy,"tf.Tensor(127.96619, shape=(), dtype=float32)"
35_agency1_adjusted_transit_income,"tf.Tensor(1058.1553, shape=(), dtype=float32)"
35_agency1_equity_change_income,"tf.Tensor(0.55245787, shape=(), dtype=float32)"
35_agency1_adjusted_transit_revenue,"tf.Tensor(930.7415, shape=(), dtype=float32)"
36_agency1_adjusted_equity_index,"tf.Tensor(0.0028881468, shape=(), dtype=float32)"
36_agency1_internal_adjusted_equity_index,"tf.Tensor(0.0028881468, shape=(), dtype=float32)"
36_agency1_equity_improvement,"tf.Tensor(0.0007035758, shape=(), dtype=float32)"
36_agency1_equity_gap,"tf.Tensor(-1.4768681e-05, shape=(), dtype=float32)"
36_agency1_TEC_demand,"tf.Tensor(-1.476868, shape=(), dtype=float32)"
36_agency1_total_subsidy,"tf.Tensor(126.7856, shape=(), dtype=float32)"
36_agency1_adjusted_transit_income,"tf.Tensor(1058.5762, shape=(), dtype=float32)"
36_agency1_equity_change_income,"tf.Tensor(-1.0430031, shape=(), dtype=float32)"
36_agency1_adjusted_transit_revenue,"tf.Tensor(930.74756, shape=(), dtype=float32)"
37_agency1_adjusted_equity_index,"tf.Tensor(0.0028656442, shape=(), dtype=float32)"
37_agency1_internal_adjusted_equity_index,"tf.Tensor(0.0028656442, shape=(), dtype=float32)"
37_agency1_equity_improvement,"tf.Tensor(0.0007260784, shape=(), dtype=float32)"
37_agency1_equity_gap,"tf.Tensor(7.7339355e-06, shape=(), dtype=float32)"
37_agency1_TEC_demand,"tf.Tensor(0.7733936, shape=(), dtype=float32)"
37_agency1_total_subsidy,"tf.Tensor(127.97128, shape=(), dtype=float32)"
37_agency1_adjusted_transit_income,"tf.Tensor(1058.1603, shape=(), dtype=float32)"
37_agency1_equity_change_income,"tf.Tensor(0.54733306, shape=(), dtype=float32)"
37_agency1_adjusted_transit_revenue,"tf.Tensor(930.7363, shape=(), dtype=float32)"
38_agency1_adjusted_equity_index,"tf.Tensor(0.0028881878, shape=(), dtype=float32)"
38_agency1_internal_adjusted_equity_index,"tf.Tensor(0.0028881878, shape=(), dtype=float32)"
38_agency1_equity_improvement,"tf.Tensor(0.0007035348, shape=(), dtype=float32)"
38_agency1_equity_gap,"tf.Tensor(-1.4809659e-05, shape=(), dtype=float32)"
38_agency1_TEC_demand,"tf.Tensor(-1.4809659, shape=(), dtype=float32)"
38_agency1_total_subsidy,"tf.Tensor(126.79142, shape=(), dtype=float32)"
38_agency1_adjusted_transit_income,"tf.Tensor(1058.5815, shape=(), dtype=float32)"
38_agency1_equity_change_income,"tf.Tensor(-1.0469388, shape=(), dtype=float32)"
38_agency1_adjusted_transit_revenue,"tf.Tensor(930.74316, shape=(), dtype=float32)"
39_agency1_adjusted_equity_index,"tf.Tensor(0.0028655715, shape=(), dtype=float32)"
39_agency1_internal_adjusted_equity_index,"tf.Tensor(0.0028655715, shape=(), dtype=float32)"
39_agency1_equity_improvement,"tf.Tensor(0.00072615105, shape=(), dtype=float32)"
39_agency1_equity_gap,"tf.Tensor(7.806579e-06, shape=(), dtype=float32)"
39_agency1_TEC_demand,"tf.Tensor(0.7806579, shape=(), dtype=float32)"
39_agency1_total_subsidy,"tf.Tensor(127.97757, shape=(), dtype=float32)"
39_agency1_adjusted_transit_income,"tf.Tensor(1058.1659, shape=(), dtype=float32)"
39_agency1_equity_change_income,"tf.Tensor(0.5530264, shape=(), dtype=float32)"
39_agency1_adjusted_transit_revenue,"tf.Tensor(930.7414, shape=(), dtype=float32)"
40_agency1_adjusted_equity_index,"tf.Tensor(0.0028882027, shape=(), dtype=float32)"
40_agency1_internal_adjusted_equity_index,"tf.Tensor(0.0028882027, shape=(), dtype=float32)"
40_agency1_equity_improvement,"tf.Tensor(0.0007035199, shape=(), dtype=float32)"
40_agency1_equity_gap,"tf.Tensor(-1.482456e-05, shape=(), dtype=float32)"
40_agency1_TEC_demand,"tf.Tensor(-1.482456, shape=(), dtype=float32)"
40_agency1_total_subsidy,"tf.Tensor(126.79859, shape=(), dtype=float32)"
40_agency1_adjusted_transit_income,"tf.Tensor(1058.5875, shape=(), dtype=float32)"
40_agency1_equity_change_income,"tf.Tensor(-1.0490304, shape=(), dtype=float32)"
40_agency1_adjusted_transit_revenue,"tf.Tensor(930.7399, shape=(), dtype=float32)"
41_agency1_adjusted_equity_index,"tf.Tensor(0.0028655864, shape=(), dtype=float32)"
41_agency1_internal_adjusted_equity_index,"tf.Tensor(0.0028655864, shape=(), dtype=float32)"
41_agency1_equity_improvement,"tf.Tensor(0.00072613615, shape=(), dtype=float32)"
41_agency1_equity_gap,"tf.Tensor(7.7916775e-06, shape=(), dtype=float32)"
41_agency1_TEC_demand,"tf.Tensor(0.7791678, shape=(), dtype=float32)"
41_agency1_total_subsidy,"tf.Tensor(127.98512, shape=(), dtype=float32)"
41_agency1_adjusted_transit_income,"tf.Tensor(1058.1721, shape=(), dtype=float32)"
41_agency1_equity_change_income,"tf.Tensor(0.5525176, shape=(), dtype=float32)"
41_agency1_adjusted_transit_revenue,"tf.Tensor(930.7395, shape=(), dtype=float32)"
42_agency1_adjusted_equity_index,"tf.Tensor(0.0028880704, shape=(), dtype=float32)"
42_agency1_internal_adjusted_equity_index,"tf.Tensor(0.0028880704, shape=(), dtype=float32)"
42_agency1_equity_improvement,"tf.Tensor(0.00070365216, shape=(), dtype=float32)"
42_agency1_equity_gap,"tf.Tensor(-1.4692312e-05, shape=(), dtype=float32)"
42_agency1_TEC_demand,"tf.Tensor(-1.4692312, shape=(), dtype=float32)"
42_agency1_total_subsidy,"tf.Tensor(126.80725, shape=(), dtype=float32)"
42_agency1_adjusted_transit_income,"tf.Tensor(1058.5942, shape=(), dtype=float32)"
42_agency1_equity_change_income,"tf.Tensor(-1.0407054, shape=(), dtype=float32)"
42_agency1_adjusted_transit_revenue,"tf.Tensor(930.7463, shape=(), dtype=float32)"
43_agency1_adjusted_equity_index,"tf.Tensor(0.0028655417, shape=(), dtype=float32)"
43_agency1_internal_adjusted_equity_index,"tf.Tensor(0.0028655417, shape=(), dtype=float32)"
43_agency1_equity_improvement,"tf.Tensor(0.00072618085, shape=(), dtype=float32)"
43_agency1_equity_gap,"tf.Tensor(7.836381e-06, shape=(), dtype=float32)"
43_agency1_TEC_demand,"tf.Tensor(0.7836381, shape=(), dtype=float32)"
43_agency1_total_subsidy,"tf.Tensor(127.99412, shape=(), dtype=float32)"
43_agency1_adjusted_transit_income,"tf.Tensor(1058.179, shape=(), dtype=float32)"
43_agency1_equity_change_income,"tf.Tensor(0.55622834, shape=(), dtype=float32)"
43_agency1_adjusted_transit_revenue,"tf.Tensor(930.741, shape=(), dtype=float32)"
44_agency1_adjusted_equity_index,"tf.Tensor(0.00288805, shape=(), dtype=float32)"
44_agency1_internal_adjusted_equity_index,"tf.Tensor(0.00288805, shape=(), dtype=float32)"
44_agency1_equity_improvement,"tf.Tensor(0.00070367265, shape=(), dtype=float32)"
44_agency1_equity_gap,"tf.Tensor(-1.4671823e-05, shape=(), dtype=float32)"
44_agency1_TEC_demand,"tf.Tensor(-1.4671823, shape=(), dtype=float32)"
44_agency1_total_subsidy,"tf.Tensor(126.81763, shape=(), dtype=float32)"
44_agency1_adjusted_transit_income,"tf.Tensor(1058.6019, shape=(), dtype=float32)"
44_agency1_equity_change_income,"tf.Tensor(-1.0402601, shape=(), dtype=float32)"
44_agency1_adjusted_transit_revenue,"tf.Tensor(930.744, shape=(), dtype=float32)"
45_agency1_adjusted_equity_index,"tf.Tensor(0.0028654616, shape=(), dtype=float32)"
45_agency1_internal_adjusted_equity_index,"tf.Tensor(0.0028654616, shape=(), dtype=float32)"
45_agency1_equity_improvement,"tf.Tensor(0.00072626094, shape=(), dtype=float32)"
45_agency1_equity_gap,"tf.Tensor(7.916475e-06, shape=(), dtype=float32)"
45_agency1_TEC_demand,"tf.Tensor(0.7916475, shape=(), dtype=float32)"
45_agency1_total_subsidy,"tf.Tensor(128.00476, shape=(), dtype=float32)"
45_agency1_adjusted_transit_income,"tf.Tensor(1058.1868, shape=(), dtype=float32)"
45_agency1_equity_change_income,"tf.Tensor(0.5624545, shape=(), dtype=float32)"
45_agency1_adjusted_transit_revenue,"tf.Tensor(930.74445, shape=(), dtype=float32)"
46_agency1_adjusted_equity_index,"tf.Tensor(0.0028880239, shape=(), dtype=float32)"
46_agency1_internal_adjusted_equity_index,"tf.Tensor(0.0028880239, shape=(), dtype=float32)"
46_agency1_equity_improvement,"tf.Tensor(0.0007036987, shape=(), dtype=float32)"
46_agency1_equity_gap,"tf.Tensor(-1.4645746e-05, shape=(), dtype=float32)"
46_agency1_TEC_demand,"tf.Tensor(-1.4645746, shape=(), dtype=float32)"
46_agency1_total_subsidy,"tf.Tensor(126.83011, shape=(), dtype=float32)"
46_agency1_adjusted_transit_income,"tf.Tensor(1058.6105, shape=(), dtype=float32)"
46_agency1_equity_change_income,"tf.Tensor(-1.0394006, shape=(), dtype=float32)"
46_agency1_adjusted_transit_revenue,"tf.Tensor(930.74097, shape=(), dtype=float32)"
47_agency1_adjusted_equity_index,"tf.Tensor(0.0028654374, shape=(), dtype=float32)"
47_agency1_internal_adjusted_equity_index,"tf.Tensor(0.0028654374, shape=(), dtype=float32)"
47_agency1_equity_improvement,"tf.Tensor(0.00072628516, shape=(), dtype=float32)"
47_agency1_equity_gap,"tf.Tensor(7.940689e-06, shape=(), dtype=float32)"
47_agency1_TEC_demand,"tf.Tensor(0.79406893, shape=(), dtype=float32)"
47_agency1_total_subsidy,"tf.Tensor(128.01746, shape=(), dtype=float32)"
47_agency1_adjusted_transit_income,"tf.Tensor(1058.1953, shape=(), dtype=float32)"
47_agency1_equity_change_income,"tf.Tensor(0.5647093, shape=(), dtype=float32)"
47_agency1_adjusted_transit_revenue,"tf.Tensor(930.74255, shape=(), dtype=float32)"
48_agency1_adjusted_equity_index,"tf.Tensor(0.0028879065, shape=(), dtype=float32)"
48_agency1_internal_adjusted_equity_index,"tf.Tensor(0.0028879065, shape=(), dtype=float32)"
48_agency1_equity_improvement,"tf.Tensor(0.00070381607, shape=(), dtype=float32)"
48_agency1_equity_gap,"tf.Tensor(-1.4528399e-05, shape=(), dtype=float32)"
48_agency1_TEC_demand,"tf.Tensor(-1.45284, shape=(), dtype=float32)"
48_agency1_total_subsidy,"tf.Tensor(126.84537, shape=(), dtype=float32)"
48_agency1_adjusted_transit_income,"tf.Tensor(1058.6204, shape=(), dtype=float32)"
48_agency1_equity_change_income,"tf.Tensor(-1.0320467, shape=(), dtype=float32)"
48_agency1_adjusted_transit_revenue,"tf.Tensor(930.743, shape=(), dtype=float32)"
49_agency1_adjusted_equity_index,"tf.Tensor(0.0028653368, shape=(), dtype=float32)"
49_agency1_internal_adjusted_equity_index,"tf.Tensor(0.0028653368, shape=(), dtype=float32)"
49_agency1_equity_improvement,"tf.Tensor(0.00072638574, shape=(), dtype=float32)"
49_agency1_equity_gap,"tf.Tensor(8.041272e-06, shape=(), dtype=float32)"
49_agency1_TEC_demand,"tf.Tensor(0.8041272, shape=(), dtype=float32)"
49_agency1_total_subsidy,"tf.Tensor(128.03291, shape=(), dtype=float32)"
49_agency1_adjusted_transit_income,"tf.Tensor(1058.2053, shape=(), dtype=float32)"
49_agency1_equity_change_income,"tf.Tensor(0.5723921, shape=(), dtype=float32)"
49_agency1_adjusted_transit_revenue,"tf.Tensor(930.7448, shape=(), dtype=float32)"
50_agency1_adjusted_equity_index,"tf.Tensor(0.0028878506, shape=(), dtype=float32)"
50_agency1_internal_adjusted_equity_index,"tf.Tensor(0.0028878506, shape=(), dtype=float32)"
50_agency1_equity_improvement,"tf.Tensor(0.00070387195, shape=(), dtype=float32)"
50_agency1_equity_gap,"tf.Tensor(-1.447252e-05, shape=(), dtype=float32)"
50_agency1_TEC_demand,"tf.Tensor(-1.447252, shape=(), dtype=float32)"
50_agency1_total_subsidy,"tf.Tensor(126.86452, shape=(), dtype=float32)"
50_agency1_adjusted_transit_income,"tf.Tensor(1058.6322, shape=(), dtype=float32)"
50_agency1_equity_change_income,"tf.Tensor(-1.029016, shape=(), dtype=float32)"
50_agency1_adjusted_transit_revenue,"tf.Tensor(930.7387, shape=(), dtype=float32)"
51_agency1_adjusted_equity_index,"tf.Tensor(0.0028652698, shape=(), dtype=float32)"
51_agency1_internal_adjusted_equity_index,"tf.Tensor(0.0028652698, shape=(), dtype=float32)"
51_agency1_equity_improvement,"tf.Tensor(0.0007264528, shape=(), dtype=float32)"
51_agency1_equity_gap,"tf.Tensor(8.108327e-06, shape=(), dtype=float32)"
51_agency1_TEC_demand,"tf.Tensor(0.81083274, shape=(), dtype=float32)"
51_agency1_total_subsidy,"tf.Tensor(128.05226, shape=(), dtype=float32)"
51_agency1_adjusted_transit_income,"tf.Tensor(1058.217, shape=(), dtype=float32)"
51_agency1_equity_change_income,"tf.Tensor(0.5776866, shape=(), dtype=float32)"
51_agency1_adjusted_transit_revenue,"tf.Tensor(930.7425, shape=(), dtype=float32)"
52_agency1_adjusted_equity_index,"tf.Tensor(0.0028877277, shape=(), dtype=float32)"
52_agency1_internal_adjusted_equity_index,"tf.Tensor(0.0028877277, shape=(), dtype=float32)"
52_agency1_equity_improvement,"tf.Tensor(0.0007039949, shape=(), dtype=float32)"
52_agency1_equity_gap,"tf.Tensor(-1.4349585e-05, shape=(), dtype=float32)"
52_agency1_TEC_demand,"tf.Tensor(-1.4349586, shape=(), dtype=float32)"
52_agency1_total_subsidy,"tf.Tensor(126.88966, shape=(), dtype=float32)"
52_agency1_adjusted_transit_income,"tf.Tensor(1058.6469, shape=(), dtype=float32)"
52_agency1_equity_change_income,"tf.Tensor(-1.0211885, shape=(), dtype=float32)"
52_agency1_adjusted_transit_revenue,"tf.Tensor(930.736, shape=(), dtype=float32)"
53_agency1_adjusted_equity_index,"tf.Tensor(0.002865063, shape=(), dtype=float32)"
53_agency1_internal_adjusted_equity_index,"tf.Tensor(0.002865063, shape=(), dtype=float32)"
53_agency1_equity_improvement,"tf.Tensor(0.00072665955, shape=(), dtype=float32)"
53_agency1_equity_gap,"tf.Tensor(8.315081e-06, shape=(), dtype=float32)"
53_agency1_TEC_demand,"tf.Tensor(0.8315081, shape=(), dtype=float32)"
53_agency1_total_subsidy,"tf.Tensor(128.0776, shape=(), dtype=float32)"
53_agency1_adjusted_transit_income,"tf.Tensor(1058.2319, shape=(), dtype=float32)"
53_agency1_equity_change_income,"tf.Tensor(0.59293604, shape=(), dtype=float32)"
53_agency1_adjusted_transit_revenue,"tf.Tensor(930.74725, shape=(), dtype=float32)"
54_agency1_adjusted_equity_index,"tf.Tensor(0.0028648973, shape=(), dtype=float32)"
54_agency1_internal_adjusted_equity_index,"tf.Tensor(0.0028648973, shape=(), dtype=float32)"
54_agency1_equity_improvement,"tf.Tensor(0.0007268253, shape=(), dtype=float32)"
54_agency1_equity_gap,"tf.Tensor(8.480856e-06, shape=(), dtype=float32)"
54_agency1_TEC_demand,"tf.Tensor(0.84808564, shape=(), dtype=float32)"
54_agency1_total_subsidy,"tf.Tensor(128.11319, shape=(), dtype=float32)"
54_agency1_adjusted_transit_income,"tf.Tensor(1058.2515, shape=(), dtype=float32)"
54_agency1_equity_change_income,"tf.Tensor(0.604052, shape=(), dtype=float32)"
54_agency1_adjusted_transit_revenue,"tf.Tensor(930.7424, shape=(), dtype=float32)"
55_agency1_adjusted_equity_index,"tf.Tensor(0.0028873794, shape=(), dtype=float32)"
55_agency1_internal_adjusted_equity_index,"tf.Tensor(0.0028873794, shape=(), dtype=float32)"
55_agency1_equity_improvement,"tf.Tensor(0.0007043432, shape=(), dtype=float32)"
55_agency1_equity_gap,"tf.Tensor(-1.4001271e-05, shape=(), dtype=float32)"
55_agency1_TEC_demand,"tf.Tensor(-1.400127, shape=(), dtype=float32)"
55_agency1_total_subsidy,"tf.Tensor(126.94594, shape=(), dtype=float32)"
55_agency1_adjusted_transit_income,"tf.Tensor(1058.6792, shape=(), dtype=float32)"
55_agency1_equity_change_income,"tf.Tensor(-0.9960581, shape=(), dtype=float32)"
55_agency1_adjusted_transit_revenue,"tf.Tensor(930.73724, shape=(), dtype=float32)"
56_agency1_adjusted_equity_index,"tf.Tensor(0.0028871242, shape=(), dtype=float32)"
56_agency1_internal_adjusted_equity_index,"tf.Tensor(0.0028871242, shape=(), dtype=float32)"
56_agency1_equity_improvement,"tf.Tensor(0.0007045984, shape=(), dtype=float32)"
56_agency1_equity_gap,"tf.Tensor(-1.3746088e-05, shape=(), dtype=float32)"
56_agency1_TEC_demand,"tf.Tensor(-1.3746089, shape=(), dtype=float32)"
56_agency1_total_subsidy,"tf.Tensor(126.97189, shape=(), dtype=float32)"
56_agency1_adjusted_transit_income,"tf.Tensor(1058.6943, shape=(), dtype=float32)"
56_agency1_equity_change_income,"tf.Tensor(-0.97982895, shape=(), dtype=float32)"
56_agency1_adjusted_transit_revenue,"tf.Tensor(930.74255, shape=(), dtype=float32)"
57_agency1_adjusted_equity_index,"tf.Tensor(0.0028645955, shape=(), dtype=float32)"
57_agency1_internal_adjusted_equity_index,"tf.Tensor(0.0028645955, shape=(), dtype=float32)"
57_agency1_equity_improvement,"tf.Tensor(0.0007271271, shape=(), dtype=float32)"
57_agency1_equity_gap,"tf.Tensor(8.782605e-06, shape=(), dtype=float32)"
57_agency1_TEC_demand,"tf.Tensor(0.8782605, shape=(), dtype=float32)"
57_agency1_total_subsidy,"tf.Tensor(128.16019, shape=(), dtype=float32)"
57_agency1_adjusted_transit_income,"tf.Tensor(1058.2793, shape=(), dtype=float32)"
57_agency1_equity_change_income,"tf.Tensor(0.62723625, shape=(), dtype=float32)"
57_agency1_adjusted_transit_revenue,"tf.Tensor(930.7464, shape=(), dtype=float32)"
58_agency1_adjusted_equity_index,"tf.Tensor(0.002886571, shape=(), dtype=float32)"
58_agency1_internal_adjusted_equity_index,"tf.Tensor(0.002886571, shape=(), dtype=float32)"
58_agency1_equity_improvement,"tf.Tensor(0.0007051516, shape=(), dtype=float32)"
58_agency1_equity_gap,"tf.Tensor(-1.3192883e-05, shape=(), dtype=float32)"
58_agency1_TEC_demand,"tf.Tensor(-1.3192883, shape=(), dtype=float32)"
58_agency1_total_subsidy,"tf.Tensor(127.065674, shape=(), dtype=float32)"
58_agency1_adjusted_transit_income,"tf.Tensor(1058.7427, shape=(), dtype=float32)"
58_agency1_equity_change_income,"tf.Tensor(-0.9410509, shape=(), dtype=float32)"
58_agency1_adjusted_transit_revenue,"tf.Tensor(930.73596, shape=(), dtype=float32)"
59_agency1_adjusted_equity_index,"tf.Tensor(0.0028639026, shape=(), dtype=float32)"
59_agency1_internal_adjusted_equity_index,"tf.Tensor(0.0028639026, shape=(), dtype=float32)"
59_agency1_equity_improvement,"tf.Tensor(0.00072782, shape=(), dtype=float32)"
59_agency1_equity_gap,"tf.Tensor(9.475509e-06, shape=(), dtype=float32)"
59_agency1_TEC_demand,"tf.Tensor(0.9475509, shape=(), dtype=float32)"
59_agency1_total_subsidy,"tf.Tensor(128.25438, shape=(), dtype=float32)"
59_agency1_adjusted_transit_income,"tf.Tensor(1058.3271, shape=(), dtype=float32)"
59_agency1_equity_change_income,"tf.Tensor(0.67714, shape=(), dtype=float32)"
59_agency1_adjusted_transit_revenue,"tf.Tensor(930.7499, shape=(), dtype=float32)"
60_agency1_adjusted_equity_index,"tf.Tensor(0.0028857775, shape=(), dtype=float32)"
60_agency1_internal_adjusted_equity_index,"tf.Tensor(0.0028857775, shape=(), dtype=float32)"
60_agency1_equity_improvement,"tf.Tensor(0.0007059451, shape=(), dtype=float32)"
60_agency1_equity_gap,"tf.Tensor(-1.2399396e-05, shape=(), dtype=float32)"
60_agency1_TEC_demand,"tf.Tensor(-1.2399396, shape=(), dtype=float32)"
60_agency1_total_subsidy,"tf.Tensor(127.17259, shape=(), dtype=float32)"
60_agency1_adjusted_transit_income,"tf.Tensor(1058.7972, shape=(), dtype=float32)"
60_agency1_equity_change_income,"tf.Tensor(-0.8849123, shape=(), dtype=float32)"
60_agency1_adjusted_transit_revenue,"tf.Tensor(930.73975, shape=(), dtype=float32)"
61_agency1_adjusted_equity_index,"tf.Tensor(0.0028631967, shape=(), dtype=float32)"
61_agency1_internal_adjusted_equity_index,"tf.Tensor(0.0028631967, shape=(), dtype=float32)"
61_agency1_equity_improvement,"tf.Tensor(0.0007285259, shape=(), dtype=float32)"
61_agency1_equity_gap,"tf.Tensor(1.0181451e-05, shape=(), dtype=float32)"
61_agency1_TEC_demand,"tf.Tensor(1.0181451, shape=(), dtype=float32)"
61_agency1_total_subsidy,"tf.Tensor(128.36177, shape=(), dtype=float32)"
61_agency1_adjusted_transit_income,"tf.Tensor(1058.3818, shape=(), dtype=float32)"
61_agency1_equity_change_income,"tf.Tensor(0.72788584, shape=(), dtype=float32)"
61_agency1_adjusted_transit_revenue,"tf.Tensor(930.748, shape=(), dtype=float32)"
62_agency1_adjusted_equity_index,"tf.Tensor(0.0028852466, shape=(), dtype=float32)"
62_agency1_internal_adjusted_equity_index,"tf.Tensor(0.0028852466, shape=(), dtype=float32)"
62_agency1_equity_improvement,"tf.Tensor(0.0007064759, shape=(), dtype=float32)"
62_agency1_equity_gap,"tf.Tensor(-1.1868542e-05, shape=(), dtype=float32)"
62_agency1_TEC_demand,"tf.Tensor(-1.1868542, shape=(), dtype=float32)"
62_agency1_total_subsidy,"tf.Tensor(127.25192, shape=(), dtype=float32)"
62_agency1_adjusted_transit_income,"tf.Tensor(1058.8385, shape=(), dtype=float32)"
62_agency1_equity_change_income,"tf.Tensor(-0.8472899, shape=(), dtype=float32)"
62_agency1_adjusted_transit_revenue,"tf.Tensor(930.73926, shape=(), dtype=float32)"
63_agency1_adjusted_equity_index,"tf.Tensor(0.0028626248, shape=(), dtype=float32)"
63_agency1_internal_adjusted_equity_index,"tf.Tensor(0.0028626248, shape=(), dtype=float32)"
63_agency1_equity_improvement,"tf.Tensor(0.00072909775, shape=(), dtype=float32)"
63_agency1_equity_gap,"tf.Tensor(1.0753283e-05, shape=(), dtype=float32)"
63_agency1_TEC_demand,"tf.Tensor(1.0753284, shape=(), dtype=float32)"
63_agency1_total_subsidy,"tf.Tensor(128.44139, shape=(), dtype=float32)"
63_agency1_adjusted_transit_income,"tf.Tensor(1058.423, shape=(), dtype=float32)"
63_agency1_equity_change_income,"tf.Tensor(0.7689483, shape=(), dtype=float32)"
63_agency1_adjusted_transit_revenue,"tf.Tensor(930.7505, shape=(), dtype=float32)"
64_agency1_adjusted_equity_index,"tf.Tensor(0.0028848331, shape=(), dtype=float32)"
64_agency1_internal_adjusted_equity_index,"tf.Tensor(0.0028848331, shape=(), dtype=float32)"
64_agency1_equity_improvement,"tf.Tensor(0.00070688943, shape=(), dtype=float32)"
64_agency1_equity_gap,"tf.Tensor(-1.1455035e-05, shape=(), dtype=float32)"
64_agency1_TEC_demand,"tf.Tensor(-1.1455035, shape=(), dtype=float32)"
64_agency1_total_subsidy,"tf.Tensor(127.31475, shape=(), dtype=float32)"
64_agency1_adjusted_transit_income,"tf.Tensor(1058.8717, shape=(), dtype=float32)"
64_agency1_equity_change_income,"tf.Tensor(-0.8178975, shape=(), dtype=float32)"
64_agency1_adjusted_transit_revenue,"tf.Tensor(930.7391, shape=(), dtype=float32)"
65_agency1_adjusted_equity_index,"tf.Tensor(0.0028622467, shape=(), dtype=float32)"
65_agency1_internal_adjusted_equity_index,"tf.Tensor(0.0028622467, shape=(), dtype=float32)"
65_agency1_equity_improvement,"tf.Tensor(0.00072947587, shape=(), dtype=float32)"
65_agency1_equity_gap,"tf.Tensor(1.11314e-05, shape=(), dtype=float32)"
65_agency1_TEC_demand,"tf.Tensor(1.11314, shape=(), dtype=float32)"
65_agency1_total_subsidy,"tf.Tensor(128.50441, shape=(), dtype=float32)"
65_agency1_adjusted_transit_income,"tf.Tensor(1058.456, shape=(), dtype=float32)"
65_agency1_equity_change_income,"tf.Tensor(0.7960649, shape=(), dtype=float32)"
65_agency1_adjusted_transit_revenue,"tf.Tensor(930.74774, shape=(), dtype=float32)"
66_agency1_adjusted_equity_index,"tf.Tensor(0.0028844457, shape=(), dtype=float32)"
66_agency1_internal_adjusted_equity_index,"tf.Tensor(0.0028844457, shape=(), dtype=float32)"
66_agency1_equity_improvement,"tf.Tensor(0.00070727686, shape=(), dtype=float32)"
66_agency1_equity_gap,"tf.Tensor(-1.1067605e-05, shape=(), dtype=float32)"
66_agency1_TEC_demand,"tf.Tensor(-1.1067605, shape=(), dtype=float32)"
66_agency1_total_subsidy,"tf.Tensor(127.3654, shape=(), dtype=float32)"
66_agency1_adjusted_transit_income,"tf.Tensor(1058.899, shape=(), dtype=float32)"
66_agency1_equity_change_income,"tf.Tensor(-0.79027057, shape=(), dtype=float32)"
66_agency1_adjusted_transit_revenue,"tf.Tensor(930.74335, shape=(), dtype=float32)"
67_agency1_adjusted_equity_index,"tf.Tensor(0.0028619524, shape=(), dtype=float32)"
67_agency1_internal_adjusted_equity_index,"tf.Tensor(0.0028619524, shape=(), dtype=float32)"
67_agency1_equity_improvement,"tf.Tensor(0.00072977017, shape=(), dtype=float32)"
67_agency1_equity_gap,"tf.Tensor(1.1425698e-05, shape=(), dtype=float32)"
67_agency1_TEC_demand,"tf.Tensor(1.1425698, shape=(), dtype=float32)"
67_agency1_total_subsidy,"tf.Tensor(128.55515, shape=(), dtype=float32)"
67_agency1_adjusted_transit_income,"tf.Tensor(1058.4829, shape=(), dtype=float32)"
67_agency1_equity_change_income,"tf.Tensor(0.8171044, shape=(), dtype=float32)"
67_agency1_adjusted_transit_revenue,"tf.Tensor(930.7448, shape=(), dtype=float32)"
68_agency1_adjusted_equity_index,"tf.Tensor(0.0028842818, shape=(), dtype=float32)"
68_agency1_internal_adjusted_equity_index,"tf.Tensor(0.0028842818, shape=(), dtype=float32)"
68_agency1_equity_improvement,"tf.Tensor(0.0007074408, shape=(), dtype=float32)"
68_agency1_equity_gap,"tf.Tensor(-1.0903692e-05, shape=(), dtype=float32)"
68_agency1_TEC_demand,"tf.Tensor(-1.0903692, shape=(), dtype=float32)"
68_agency1_total_subsidy,"tf.Tensor(127.406975, shape=(), dtype=float32)"
68_agency1_adjusted_transit_income,"tf.Tensor(1058.9218, shape=(), dtype=float32)"
68_agency1_equity_change_income,"tf.Tensor(-0.77852744, shape=(), dtype=float32)"
68_agency1_adjusted_transit_revenue,"tf.Tensor(930.73627, shape=(), dtype=float32)"
69_agency1_adjusted_equity_index,"tf.Tensor(0.0028616898, shape=(), dtype=float32)"
69_agency1_internal_adjusted_equity_index,"tf.Tensor(0.0028616898, shape=(), dtype=float32)"
69_agency1_equity_improvement,"tf.Tensor(0.0007300328, shape=(), dtype=float32)"
69_agency1_equity_gap,"tf.Tensor(1.1688331e-05, shape=(), dtype=float32)"
69_agency1_TEC_demand,"tf.Tensor(1.1688331, shape=(), dtype=float32)"
69_agency1_total_subsidy,"tf.Tensor(128.59677, shape=(), dtype=float32)"
69_agency1_adjusted_transit_income,"tf.Tensor(1058.5057, shape=(), dtype=float32)"
69_agency1_equity_change_income,"tf.Tensor(0.83582556, shape=(), dtype=float32)"
69_agency1_adjusted_transit_revenue,"tf.Tensor(930.74475, shape=(), dtype=float32)"
70_agency1_adjusted_equity_index,"tf.Tensor(0.002883995, shape=(), dtype=float32)"
70_agency1_internal_adjusted_equity_index,"tf.Tensor(0.002883995, shape=(), dtype=float32)"
70_agency1_equity_improvement,"tf.Tensor(0.0007077276, shape=(), dtype=float32)"
70_agency1_equity_gap,"tf.Tensor(-1.06168445e-05, shape=(), dtype=float32)"
70_agency1_TEC_demand,"tf.Tensor(-1.0616845, shape=(), dtype=float32)"
70_agency1_total_subsidy,"tf.Tensor(127.44206, shape=(), dtype=float32)"
70_agency1_adjusted_transit_income,"tf.Tensor(1058.9413, shape=(), dtype=float32)"
70_agency1_equity_change_income,"tf.Tensor(-0.7579632, shape=(), dtype=float32)"
70_agency1_adjusted_transit_revenue,"tf.Tensor(930.7413, shape=(), dtype=float32)"
71_agency1_adjusted_equity_index,"tf.Tensor(0.0028614402, shape=(), dtype=float32)"
71_agency1_internal_adjusted_equity_index,"tf.Tensor(0.0028614402, shape=(), dtype=float32)"
71_agency1_equity_improvement,"tf.Tensor(0.0007302824, shape=(), dtype=float32)"
71_agency1_equity_gap,"tf.Tensor(1.1937926e-05, shape=(), dtype=float32)"
71_agency1_TEC_demand,"tf.Tensor(1.1937926, shape=(), dtype=float32)"
71_agency1_total_subsidy,"tf.Tensor(128.63185, shape=(), dtype=float32)"
71_agency1_adjusted_transit_income,"tf.Tensor(1058.525, shape=(), dtype=float32)"
71_agency1_equity_change_income,"tf.Tensor(0.85354596, shape=(), dtype=float32)"
71_agency1_adjusted_transit_revenue,"tf.Tensor(930.7467, shape=(), dtype=float32)"
72_agency1_adjusted_equity_index,"tf.Tensor(0.0028838813, shape=(), dtype=float32)"
72_agency1_internal_adjusted_equity_index,"tf.Tensor(0.0028838813, shape=(), dtype=float32)"
72_agency1_equity_improvement,"tf.Tensor(0.00070784125, shape=(), dtype=float32)"
72_agency1_equity_gap,"tf.Tensor(-1.0503223e-05, shape=(), dtype=float32)"
72_agency1_TEC_demand,"tf.Tensor(-1.0503223, shape=(), dtype=float32)"
72_agency1_total_subsidy,"tf.Tensor(127.47193, shape=(), dtype=float32)"
72_agency1_adjusted_transit_income,"tf.Tensor(1058.9584, shape=(), dtype=float32)"
72_agency1_equity_change_income,"tf.Tensor(-0.7497127, shape=(), dtype=float32)"
72_agency1_adjusted_transit_revenue,"tf.Tensor(930.73676, shape=(), dtype=float32)"
73_agency1_adjusted_equity_index,"tf.Tensor(0.002861172, shape=(), dtype=float32)"
73_agency1_internal_adjusted_equity_index,"tf.Tensor(0.002861172, shape=(), dtype=float32)"
73_agency1_equity_improvement,"tf.Tensor(0.0007305506, shape=(), dtype=float32)"
73_agency1_equity_gap,"tf.Tensor(1.22061465e-05, shape=(), dtype=float32)"
73_agency1_TEC_demand,"tf.Tensor(1.2206147, shape=(), dtype=float32)"
73_agency1_total_subsidy,"tf.Tensor(128.66168, shape=(), dtype=float32)"
73_agency1_adjusted_transit_income,"tf.Tensor(1058.542, shape=(), dtype=float32)"
73_agency1_equity_change_income,"tf.Tensor(0.8725482, shape=(), dtype=float32)"
73_agency1_adjusted_transit_revenue,"tf.Tensor(930.75287, shape=(), dtype=float32)"
74_agency1_adjusted_equity_index,"tf.Tensor(0.0028837249, shape=(), dtype=float32)"
74_agency1_internal_adjusted_equity_index,"tf.Tensor(0.0028837249, shape=(), dtype=float32)"
74_agency1_equity_improvement,"tf.Tensor(0.0007079977, shape=(), dtype=float32)"
74_agency1_equity_gap,"tf.Tensor(-1.0346761e-05, shape=(), dtype=float32)"
74_agency1_TEC_demand,"tf.Tensor(-1.0346761, shape=(), dtype=float32)"
74_agency1_total_subsidy,"tf.Tensor(127.49771, shape=(), dtype=float32)"
74_agency1_adjusted_transit_income,"tf.Tensor(1058.9734, shape=(), dtype=float32)"
74_agency1_equity_change_income,"tf.Tensor(-0.73836833, shape=(), dtype=float32)"
74_agency1_adjusted_transit_revenue,"tf.Tensor(930.73737, shape=(), dtype=float32)"
75_agency1_adjusted_equity_index,"tf.Tensor(0.0028611068, shape=(), dtype=float32)"
75_agency1_internal_adjusted_equity_index,"tf.Tensor(0.0028611068, shape=(), dtype=float32)"
75_agency1_equity_improvement,"tf.Tensor(0.0007306158, shape=(), dtype=float32)"
75_agency1_equity_gap,"tf.Tensor(1.2271339e-05, shape=(), dtype=float32)"
75_agency1_TEC_demand,"tf.Tensor(1.2271339, shape=(), dtype=float32)"
75_agency1_total_subsidy,"tf.Tensor(128.68736, shape=(), dtype=float32)"
75_agency1_adjusted_transit_income,"tf.Tensor(1058.5568, shape=(), dtype=float32)"
75_agency1_equity_change_income,"tf.Tensor(0.87698025, shape=(), dtype=float32)"
75_agency1_adjusted_transit_revenue,"tf.Tensor(930.74634, shape=(), dtype=float32)"
76_agency1_adjusted_equity_index,"tf.Tensor(0.00288352, shape=(), dtype=float32)"
76_agency1_internal_adjusted_equity_index,"tf.Tensor(0.00288352, shape=(), dtype=float32)"
76_agency1_equity_improvement,"tf.Tensor(0.0007082026, shape=(), dtype=float32)"
76_agency1_equity_gap,"tf.Tensor(-1.014187e-05, shape=(), dtype=float32)"
76_agency1_TEC_demand,"tf.Tensor(-1.014187, shape=(), dtype=float32)"
76_agency1_total_subsidy,"tf.Tensor(127.520096, shape=(), dtype=float32)"
76_agency1_adjusted_transit_income,"tf.Tensor(1058.9867, shape=(), dtype=float32)"
76_agency1_equity_change_income,"tf.Tensor(-0.72355175, shape=(), dtype=float32)"
76_agency1_adjusted_transit_revenue,"tf.Tensor(930.74304, shape=(), dtype=float32)"
77_agency1_adjusted_equity_index,"tf.Tensor(0.0028609373, shape=(), dtype=float32)"
77_agency1_internal_adjusted_equity_index,"tf.Tensor(0.0028609373, shape=(), dtype=float32)"
77_agency1_equity_improvement,"tf.Tensor(0.0007307853, shape=(), dtype=float32)"
77_agency1_equity_gap,"tf.Tensor(1.244084e-05, shape=(), dtype=float32)"
77_agency1_TEC_demand,"tf.Tensor(1.244084, shape=(), dtype=float32)"
77_agency1_total_subsidy,"tf.Tensor(128.70966, shape=(), dtype=float32)"
77_agency1_adjusted_transit_income,"tf.Tensor(1058.57, shape=(), dtype=float32)"
77_agency1_equity_change_income,"tf.Tensor(0.8888289, shape=(), dtype=float32)"
77_agency1_adjusted_transit_revenue,"tf.Tensor(930.74915, shape=(), dtype=float32)"
78_agency1_adjusted_equity_index,"tf.Tensor(0.0028834343, shape=(), dtype=float32)"
78_agency1_internal_adjusted_equity_index,"tf.Tensor(0.0028834343, shape=(), dtype=float32)"
78_agency1_equity_improvement,"tf.Tensor(0.0007082883, shape=(), dtype=float32)"
78_agency1_equity_gap,"tf.Tensor(-1.0056188e-05, shape=(), dtype=float32)"
78_agency1_TEC_demand,"tf.Tensor(-1.0056188, shape=(), dtype=float32)"
78_agency1_total_subsidy,"tf.Tensor(127.539734, shape=(), dtype=float32)"
78_agency1_adjusted_transit_income,"tf.Tensor(1058.9985, shape=(), dtype=float32)"
78_agency1_equity_change_income,"tf.Tensor(-0.7172077, shape=(), dtype=float32)"
78_agency1_adjusted_transit_revenue,"tf.Tensor(930.7416, shape=(), dtype=float32)"
79_agency1_adjusted_equity_index,"tf.Tensor(0.0028608497, shape=(), dtype=float32)"
79_agency1_internal_adjusted_equity_index,"tf.Tensor(0.0028608497, shape=(), dtype=float32)"
79_agency1_equity_improvement,"tf.Tensor(0.00073087285, shape=(), dtype=float32)"
79_agency1_equity_gap,"tf.Tensor(1.2528384e-05, shape=(), dtype=float32)"
79_agency1_TEC_demand,"tf.Tensor(1.2528384, shape=(), dtype=float32)"
79_agency1_total_subsidy,"tf.Tensor(128.72917, shape=(), dtype=float32)"
79_agency1_adjusted_transit_income,"tf.Tensor(1058.5818, shape=(), dtype=float32)"
79_agency1_equity_change_income,"tf.Tensor(0.8947847, shape=(), dtype=float32)"
79_agency1_adjusted_transit_revenue,"tf.Tensor(930.7474, shape=(), dtype=float32)"
80_agency1_adjusted_equity_index,"tf.Tensor(0.002883371, shape=(), dtype=float32)"
80_agency1_internal_adjusted_equity_index,"tf.Tensor(0.002883371, shape=(), dtype=float32)"
80_agency1_equity_improvement,"tf.Tensor(0.0007083516, shape=(), dtype=float32)"
80_agency1_equity_gap,"tf.Tensor(-9.992858e-06, shape=(), dtype=float32)"
80_agency1_TEC_demand,"tf.Tensor(-0.9992858, shape=(), dtype=float32)"
80_agency1_total_subsidy,"tf.Tensor(127.55711, shape=(), dtype=float32)"
80_agency1_adjusted_transit_income,"tf.Tensor(1059.0095, shape=(), dtype=float32)"
80_agency1_equity_change_income,"tf.Tensor(-0.712444, shape=(), dtype=float32)"
80_agency1_adjusted_transit_revenue,"tf.Tensor(930.7399, shape=(), dtype=float32)"
81_agency1_adjusted_equity_index,"tf.Tensor(0.0028607454, shape=(), dtype=float32)"
81_agency1_internal_adjusted_equity_index,"tf.Tensor(0.0028607454, shape=(), dtype=float32)"
81_agency1_equity_improvement,"tf.Tensor(0.00073097716, shape=(), dtype=float32)"
81_agency1_equity_gap,"tf.Tensor(1.2632692e-05, shape=(), dtype=float32)"
81_agency1_TEC_demand,"tf.Tensor(1.2632692, shape=(), dtype=float32)"
81_agency1_total_subsidy,"tf.Tensor(128.74641, shape=(), dtype=float32)"
81_agency1_adjusted_transit_income,"tf.Tensor(1058.5925, shape=(), dtype=float32)"
81_agency1_equity_change_income,"tf.Tensor(0.9019142, shape=(), dtype=float32)"
81_agency1_adjusted_transit_revenue,"tf.Tensor(930.74805, shape=(), dtype=float32)"
82_agency1_adjusted_equity_index,"tf.Tensor(0.0028832518, shape=(), dtype=float32)"
82_agency1_internal_adjusted_equity_index,"tf.Tensor(0.0028832518, shape=(), dtype=float32)"
82_agency1_equity_improvement,"tf.Tensor(0.0007084708, shape=(), dtype=float32)"
82_agency1_equity_gap,"tf.Tensor(-9.873649e-06, shape=(), dtype=float32)"
82_agency1_TEC_demand,"tf.Tensor(-0.9873649, shape=(), dtype=float32)"
82_agency1_total_subsidy,"tf.Tensor(127.5726, shape=(), dtype=float32)"
82_agency1_adjusted_transit_income,"tf.Tensor(1059.0193, shape=(), dtype=float32)"
82_agency1_equity_change_income,"tf.Tensor(-0.7036843, shape=(), dtype=float32)"
82_agency1_adjusted_transit_revenue,"tf.Tensor(930.743, shape=(), dtype=float32)"
83_agency1_adjusted_equity_index,"tf.Tensor(0.0028606448, shape=(), dtype=float32)"
83_agency1_internal_adjusted_equity_index,"tf.Tensor(0.0028606448, shape=(), dtype=float32)"
83_agency1_equity_improvement,"tf.Tensor(0.00073107774, shape=(), dtype=float32)"
83_agency1_equity_gap,"tf.Tensor(1.2733275e-05, shape=(), dtype=float32)"
83_agency1_TEC_demand,"tf.Tensor(1.2733275, shape=(), dtype=float32)"
83_agency1_total_subsidy,"tf.Tensor(128.76173, shape=(), dtype=float32)"
83_agency1_adjusted_transit_income,"tf.Tensor(1058.6022, shape=(), dtype=float32)"
83_agency1_equity_change_income,"tf.Tensor(0.9087439, shape=(), dtype=float32)"
83_agency1_adjusted_transit_revenue,"tf.Tensor(930.7492, shape=(), dtype=float32)"
84_agency1_adjusted_equity_index,"tf.Tensor(0.0028832424, shape=(), dtype=float32)"
84_agency1_internal_adjusted_equity_index,"tf.Tensor(0.0028832424, shape=(), dtype=float32)"
84_agency1_equity_improvement,"tf.Tensor(0.00070848013, shape=(), dtype=float32)"
84_agency1_equity_gap,"tf.Tensor(-9.864336e-06, shape=(), dtype=float32)"
84_agency1_TEC_demand,"tf.Tensor(-0.98643357, shape=(), dtype=float32)"
84_agency1_total_subsidy,"tf.Tensor(127.58649, shape=(), dtype=float32)"
84_agency1_adjusted_transit_income,"tf.Tensor(1059.0283, shape=(), dtype=float32)"
84_agency1_equity_change_income,"tf.Tensor(-0.7027384, shape=(), dtype=float32)"
84_agency1_adjusted_transit_revenue,"tf.Tensor(930.7391, shape=(), dtype=float32)"
85_agency1_adjusted_equity_index,"tf.Tensor(0.0028606355, shape=(), dtype=float32)"
85_agency1_internal_adjusted_equity_index,"tf.Tensor(0.0028606355, shape=(), dtype=float32)"
85_agency1_equity_improvement,"tf.Tensor(0.00073108706, shape=(), dtype=float32)"
85_agency1_equity_gap,"tf.Tensor(1.2742588e-05, shape=(), dtype=float32)"
85_agency1_TEC_demand,"tf.Tensor(1.2742589, shape=(), dtype=float32)"
85_agency1_total_subsidy,"tf.Tensor(128.77542, shape=(), dtype=float32)"
85_agency1_adjusted_transit_income,"tf.Tensor(1058.6111, shape=(), dtype=float32)"
85_agency1_equity_change_income,"tf.Tensor(0.9090431, shape=(), dtype=float32)"
85_agency1_adjusted_transit_revenue,"tf.Tensor(930.74475, shape=(), dtype=float32)"
86_agency1_adjusted_equity_index,"tf.Tensor(0.0028831419, shape=(), dtype=float32)"
86_agency1_internal_adjusted_equity_index,"tf.Tensor(0.0028831419, shape=(), dtype=float32)"
86_agency1_equity_improvement,"tf.Tensor(0.0007085807, shape=(), dtype=float32)"
86_agency1_equity_gap,"tf.Tensor(-9.763753e-06, shape=(), dtype=float32)"
86_agency1_TEC_demand,"tf.Tensor(-0.9763753, shape=(), dtype=float32)"
86_agency1_total_subsidy,"tf.Tensor(127.59894, shape=(), dtype=float32)"
86_agency1_adjusted_transit_income,"tf.Tensor(1059.0366, shape=(), dtype=float32)"
86_agency1_equity_change_income,"tf.Tensor(-0.6952918, shape=(), dtype=float32)"
86_agency1_adjusted_transit_revenue,"tf.Tensor(930.7424, shape=(), dtype=float32)"
87_agency1_adjusted_equity_index,"tf.Tensor(0.0028605368, shape=(), dtype=float32)"
87_agency1_internal_adjusted_equity_index,"tf.Tensor(0.0028605368, shape=(), dtype=float32)"
87_agency1_equity_improvement,"tf.Tensor(0.0007311858, shape=(), dtype=float32)"
87_agency1_equity_gap,"tf.Tensor(1.28413085e-05, shape=(), dtype=float32)"
87_agency1_TEC_demand,"tf.Tensor(1.2841308, shape=(), dtype=float32)"
87_agency1_total_subsidy,"tf.Tensor(128.7877, shape=(), dtype=float32)"
87_agency1_adjusted_transit_income,"tf.Tensor(1058.6191, shape=(), dtype=float32)"
87_agency1_equity_change_income,"tf.Tensor(0.9157031, shape=(), dtype=float32)"
87_agency1_adjusted_transit_revenue,"tf.Tensor(930.74713, shape=(), dtype=float32)"
88_agency1_adjusted_equity_index,"tf.Tensor(0.0028831717, shape=(), dtype=float32)"
88_agency1_internal_adjusted_equity_index,"tf.Tensor(0.0028831717, shape=(), dtype=float32)"
88_agency1_equity_improvement,"tf.Tensor(0.0007085509, shape=(), dtype=float32)"
88_agency1_equity_gap,"tf.Tensor(-9.793555e-06, shape=(), dtype=float32)"
88_agency1_TEC_demand,"tf.Tensor(-0.9793555, shape=(), dtype=float32)"
88_agency1_total_subsidy,"tf.Tensor(127.6102, shape=(), dtype=float32)"
88_agency1_adjusted_transit_income,"tf.Tensor(1059.0443, shape=(), dtype=float32)"
88_agency1_equity_change_income,"tf.Tensor(-0.69711274, shape=(), dtype=float32)"
88_agency1_adjusted_transit_revenue,"tf.Tensor(930.737, shape=(), dtype=float32)"
89_agency1_adjusted_equity_index,"tf.Tensor(0.0028605666, shape=(), dtype=float32)"
89_agency1_internal_adjusted_equity_index,"tf.Tensor(0.0028605666, shape=(), dtype=float32)"
89_agency1_equity_improvement,"tf.Tensor(0.000731156, shape=(), dtype=float32)"
89_agency1_equity_gap,"tf.Tensor(1.2811506e-05, shape=(), dtype=float32)"
89_agency1_TEC_demand,"tf.Tensor(1.2811506, shape=(), dtype=float32)"
89_agency1_total_subsidy,"tf.Tensor(128.79875, shape=(), dtype=float32)"
89_agency1_adjusted_transit_income,"tf.Tensor(1058.6268, shape=(), dtype=float32)"
89_agency1_equity_change_income,"tf.Tensor(0.91318744, shape=(), dtype=float32)"
89_agency1_adjusted_transit_revenue,"tf.Tensor(930.7413, shape=(), dtype=float32)"
90_agency1_adjusted_equity_index,"tf.Tensor(0.0028830376, shape=(), dtype=float32)"
90_agency1_internal_adjusted_equity_index,"tf.Tensor(0.0028830376, shape=(), dtype=float32)"
90_agency1_equity_improvement,"tf.Tensor(0.000708685, shape=(), dtype=float32)"
90_agency1_equity_gap,"tf.Tensor(-9.659445e-06, shape=(), dtype=float32)"
90_agency1_TEC_demand,"tf.Tensor(-0.96594447, shape=(), dtype=float32)"
90_agency1_total_subsidy,"tf.Tensor(127.620346, shape=(), dtype=float32)"
90_agency1_adjusted_transit_income,"tf.Tensor(1059.0513, shape=(), dtype=float32)"
90_agency1_equity_change_income,"tf.Tensor(-0.6872751, shape=(), dtype=float32)"
90_agency1_adjusted_transit_revenue,"tf.Tensor(930.74365, shape=(), dtype=float32)"
91_agency1_adjusted_equity_index,"tf.Tensor(0.0028604623, shape=(), dtype=float32)"
91_agency1_internal_adjusted_equity_index,"tf.Tensor(0.0028604623, shape=(), dtype=float32)"
91_agency1_equity_improvement,"tf.Tensor(0.0007312603, shape=(), dtype=float32)"
91_agency1_equity_gap,"tf.Tensor(1.2915814e-05, shape=(), dtype=float32)"
91_agency1_TEC_demand,"tf.Tensor(1.2915814, shape=(), dtype=float32)"
91_agency1_total_subsidy,"tf.Tensor(128.80867, shape=(), dtype=float32)"
91_agency1_adjusted_transit_income,"tf.Tensor(1058.6338, shape=(), dtype=float32)"
91_agency1_equity_change_income,"tf.Tensor(0.9202153, shape=(), dtype=float32)"
91_agency1_adjusted_transit_revenue,"tf.Tensor(930.74536, shape=(), dtype=float32)"
92_agency1_adjusted_equity_index,"tf.Tensor(0.0028829724, shape=(), dtype=float32)"
92_agency1_internal_adjusted_equity_index,"tf.Tensor(0.0028829724, shape=(), dtype=float32)"
92_agency1_equity_improvement,"tf.Tensor(0.0007087502, shape=(), dtype=float32)"
92_agency1_equity_gap,"tf.Tensor(-9.594252e-06, shape=(), dtype=float32)"
92_agency1_TEC_demand,"tf.Tensor(-0.9594252, shape=(), dtype=float32)"
92_agency1_total_subsidy,"tf.Tensor(127.62955, shape=(), dtype=float32)"
92_agency1_adjusted_transit_income,"tf.Tensor(1059.058, shape=(), dtype=float32)"
92_agency1_equity_change_income,"tf.Tensor(-0.68232423, shape=(), dtype=float32)"
92_agency1_adjusted_transit_revenue,"tf.Tensor(930.74615, shape=(), dtype=float32)"
93_agency1_adjusted_equity_index,"tf.Tensor(0.0028604418, shape=(), dtype=float32)"
93_agency1_internal_adjusted_equity_index,"tf.Tensor(0.0028604418, shape=(), dtype=float32)"
93_agency1_equity_improvement,"tf.Tensor(0.0007312808, shape=(), dtype=float32)"
93_agency1_equity_gap,"tf.Tensor(1.2936303e-05, shape=(), dtype=float32)"
93_agency1_TEC_demand,"tf.Tensor(1.2936304, shape=(), dtype=float32)"
93_agency1_total_subsidy,"tf.Tensor(128.81763, shape=(), dtype=float32)"
93_agency1_adjusted_transit_income,"tf.Tensor(1058.6403, shape=(), dtype=float32)"
93_agency1_equity_change_income,"tf.Tensor(0.9212454, shape=(), dtype=float32)"
93_agency1_adjusted_transit_revenue,"tf.Tensor(930.7439, shape=(), dtype=float32)"
94_agency1_adjusted_equity_index,"tf.Tensor(0.0028830208, shape=(), dtype=float32)"
94_agency1_internal_adjusted_equity_index,"tf.Tensor(0.0028830208, shape=(), dtype=float32)"
94_agency1_equity_improvement,"tf.Tensor(0.0007087018, shape=(), dtype=float32)"
94_agency1_equity_gap,"tf.Tensor(-9.642681e-06, shape=(), dtype=float32)"
94_agency1_TEC_demand,"tf.Tensor(-0.9642681, shape=(), dtype=float32)"
94_agency1_total_subsidy,"tf.Tensor(127.63782, shape=(), dtype=float32)"
94_agency1_adjusted_transit_income,"tf.Tensor(1059.0642, shape=(), dtype=float32)"
94_agency1_equity_change_income,"tf.Tensor(-0.6854461, shape=(), dtype=float32)"
94_agency1_adjusted_transit_revenue,"tf.Tensor(930.74097, shape=(), dtype=float32)"
95_agency1_adjusted_equity_index,"tf.Tensor(0.0028604865, shape=(), dtype=float32)"
95_agency1_internal_adjusted_equity_index,"tf.Tensor(0.0028604865, shape=(), dtype=float32)"
95_agency1_equity_improvement,"tf.Tensor(0.00073123607, shape=(), dtype=float32)"
95_agency1_equity_gap,"tf.Tensor(1.28916e-05, shape=(), dtype=float32)"
95_agency1_TEC_demand,"tf.Tensor(1.28916, shape=(), dtype=float32)"
95_agency1_total_subsidy,"tf.Tensor(128.82562, shape=(), dtype=float32)"
95_agency1_adjusted_transit_income,"tf.Tensor(1058.6461, shape=(), dtype=float32)"
95_agency1_equity_change_income,"tf.Tensor(0.9176372, shape=(), dtype=float32)"
95_agency1_adjusted_transit_revenue,"tf.Tensor(930.73816, shape=(), dtype=float32)"
96_agency1_adjusted_equity_index,"tf.Tensor(0.0028829444, shape=(), dtype=float32)"
96_agency1_internal_adjusted_equity_index,"tf.Tensor(0.0028829444, shape=(), dtype=float32)"
96_agency1_equity_improvement,"tf.Tensor(0.00070877816, shape=(), dtype=float32)"
96_agency1_equity_gap,"tf.Tensor(-9.566313e-06, shape=(), dtype=float32)"
96_agency1_TEC_demand,"tf.Tensor(-0.95663124, shape=(), dtype=float32)"
96_agency1_total_subsidy,"tf.Tensor(127.64526, shape=(), dtype=float32)"
96_agency1_adjusted_transit_income,"tf.Tensor(1059.0698, shape=(), dtype=float32)"
96_agency1_equity_change_income,"tf.Tensor(-0.6797067, shape=(), dtype=float32)"
96_agency1_adjusted_transit_revenue,"tf.Tensor(930.7449, shape=(), dtype=float32)"
97_agency1_adjusted_equity_index,"tf.Tensor(0.0028603543, shape=(), dtype=float32)"
97_agency1_internal_adjusted_equity_index,"tf.Tensor(0.0028603543, shape=(), dtype=float32)"
97_agency1_equity_improvement,"tf.Tensor(0.0007313683, shape=(), dtype=float32)"
97_agency1_equity_gap,"tf.Tensor(1.3023848e-05, shape=(), dtype=float32)"
97_agency1_TEC_demand,"tf.Tensor(1.3023847, shape=(), dtype=float32)"
97_agency1_total_subsidy,"tf.Tensor(128.8328, shape=(), dtype=float32)"
97_agency1_adjusted_transit_income,"tf.Tensor(1058.6517, shape=(), dtype=float32)"
97_agency1_equity_change_income,"tf.Tensor(0.92661774, shape=(), dtype=float32)"
97_agency1_adjusted_transit_revenue,"tf.Tensor(930.7456, shape=(), dtype=float32)"
98_agency1_adjusted_equity_index,"tf.Tensor(0.0028829053, shape=(), dtype=float32)"
98_agency1_internal_adjusted_equity_index,"tf.Tensor(0.0028829053, shape=(), dtype=float32)"
98_agency1_equity_improvement,"tf.Tensor(0.0007088173, shape=(), dtype=float32)"
98_agency1_equity_gap,"tf.Tensor(-9.527197e-06, shape=(), dtype=float32)"
98_agency1_TEC_demand,"tf.Tensor(-0.9527197, shape=(), dtype=float32)"
98_agency1_total_subsidy,"tf.Tensor(127.65194, shape=(), dtype=float32)"
98_agency1_adjusted_transit_income,"tf.Tensor(1059.0751, shape=(), dtype=float32)"
98_agency1_equity_change_income,"tf.Tensor(-0.676598, shape=(), dtype=float32)"
98_agency1_adjusted_transit_revenue,"tf.Tensor(930.7466, shape=(), dtype=float32)"
99_agency1_adjusted_equity_index,"tf.Tensor(0.0028603077, shape=(), dtype=float32)"
99_agency1_internal_adjusted_equity_index,"tf.Tensor(0.0028603077, shape=(), dtype=float32)"
99_agency1_equity_improvement,"tf.Tensor(0.0007314149, shape=(), dtype=float32)"
99_agency1_equity_gap,"tf.Tensor(1.3070414e-05, shape=(), dtype=float32)"
99_agency1_TEC_demand,"tf.Tensor(1.3070414, shape=(), dtype=float32)"
99_agency1_total_subsidy,"tf.Tensor(128.83916, shape=(), dtype=float32)"
99_agency1_adjusted_transit_income,"tf.Tensor(1058.6567, shape=(), dtype=float32)"
99_agency1_equity_change_income,"tf.Tensor(0.92947376, shape=(), dtype=float32)"
99_agency1_adjusted_transit_revenue,"tf.Tensor(930.747, shape=(), dtype=float32)"
